{
  "checkback_check-twitter-handle": {
    "last_run": 1771321820.1783714
  },
  "checkback_check-linkedin-handle": {
    "last_run": 1771321820.1787732
  },
  "checkback_check-reddit-handle": {
    "last_run": 1771321820.179952
  },
  "checkback_download-soul-doc": {
    "last_run": 1771321886.2170515
  },
  "checkback_explore-twitter-45d-ai": {
    "last_run": 1771324457.4704163
  },
  "checkback_explore-linkedin-45d-page": {
    "last_run": 1771324457.4708319
  },
  "checkback_explore-reddit-45d": {
    "last_run": 1771324457.471637
  },
  "checkback_explore-45d-website": {
    "last_run": 1771324457.4724445
  },
  "checkback_read-linkedin-archive": {
    "last_run": 1771328383.1756542
  },
  "checkback_recheck-45d-website": {
    "last_run": 1771330524.6195073
  },
  "daily_content_shubham": {
    "last_run": 1771333929.4249258
  },
  "checkback_research-trending-reddit": {
    "last_run": 1771334162.961893
  },
  "checkback_write-reddit-content": {
    "last_run": 1771334628.9500499
  },
  "checkback_read-lex-twitter": {
    "last_run": 1771337134.2727263
  },
  "checkback_read-farza-twitter": {
    "last_run": 1771337134.273137
  },
  "checkback_read-steipete-twitter": {
    "last_run": 1771337134.2744248
  },
  "checkback_read-nikita-twitter": {
    "last_run": 1771337134.2756371
  },
  "daily_research": {
    "last_run": 1771399803.8474553
  },
  "daily_write_posts": {
    "last_run": 1771403407.0035992
  },
  "daily_post_everything": {
    "last_run": 1771414202.2629747
  },
  "hourly_engagement_check": {
    "last_run": 1771415188.1635318
  },
  "exploration_sweep": {
    "last_run": 1771407915.8187063
  },
  "checkback_research-linkedin-trending": {
    "last_run": 1771354330.3510773
  },
  "checkback_research-reddit-trending": {
    "last_run": 1771354330.3515594
  },
  "checkback_post-tweets-day0-v3": {
    "last_run": 1771358418.8974547
  },
  "heartbeat": {
    "last_run": 1771417296.8094528
  },
  "checkback_exploration-linkedin-1": {
    "last_run": 1771363448.944726
  },
  "daily_report": {
    "last_run": 1771367406.2006505
  },
  "lab_review": {
    "last_run": 1771371003.4333456
  },
  "checkback_retry-linkedin-morning": {
    "last_run": 1771391997.661661
  },
  "checkback_retry-tweets-batch1": {
    "last_run": 1771392196.571171
  },
  "checkback_post-reply-nikitabier-crypto": {
    "last_run": 1771394435.7339818
  },
  "checkback_feb19-reply-drafts": {
    "last_run": 1771402222.9925675
  }
}